{
  "wer": {
    "mean": 0.1456087791766197,
    "ci_lower": 0.13915059364438362,
    "ci_upper": 0.1520669647088558,
    "median": 0.125,
    "std": 0.10402043882824856,
    "min": 0.0,
    "max": 1.0909090909090908
  },
  "cer": {
    "mean": 0.045919497050721035,
    "ci_lower": 0.043257120443773,
    "ci_upper": 0.04858187365766907,
    "median": 0.03766491700950489,
    "std": 0.04288225873946188,
    "min": 0.0,
    "max": 0.673469387755102
  },
  "latency": {
    "mean": 0.15224388718605042,
    "ci_lower": 0.149991775910571,
    "ci_upper": 0.15449599846152984,
    "median": 0.1476055383682251,
    "std": 0.036274213863333134,
    "min": 0.11051774024963379,
    "max": 0.9352173805236816,
    "p95": 0.18457791805267335,
    "p99": 0.22070375680923462
  },
  "rtf": {
    "mean": 0.02494284042740319,
    "ci_lower": 0.024541893368212404,
    "ci_upper": 0.025343787486593976,
    "median": 0.02396700295389995,
    "std": 0.006457957708979059,
    "min": 0.017074660033119842,
    "max": 0.1410912914136781,
    "p95": 0.03168391120788547,
    "p99": 0.04041168090693003
  },
  "audio_duration": {
    "total_seconds": 6258.1345833333335,
    "total_minutes": 104.30224305555556,
    "mean": 6.258134583333334
  },
  "sample_count": 1000,
  "error_count": 0,
  "model_size": "base",
  "timestamp": "2026-01-07T18:36:24.282865"
}