{
  "wer": {
    "mean": 0.16540164771051513,
    "median": 0.125,
    "std": 0.13863190973190986,
    "min": 0.0,
    "max": 1.5185185185185186
  },
  "cer": {
    "mean": 0.04827438759714379,
    "median": 0.0392156862745098,
    "std": 0.04514424081417962,
    "min": 0.0,
    "max": 0.5
  },
  "latency": {
    "mean": 0.17002052044868468,
    "median": 0.15453457832336426,
    "p95": 0.25749514102935783,
    "p99": 0.3776075744628906,
    "min": 0.11208248138427734,
    "max": 0.7591533660888672
  },
  "rtf": {
    "mean": 0.03400410408973694,
    "median": 0.03090691566467285,
    "p95": 0.051499028205871565,
    "p99": 0.07552151489257812
  },
  "audio_duration": {
    "total_seconds": 5000.0,
    "total_minutes": 83.33333333333333,
    "mean": 5.0
  },
  "throughput": {
    "audio_minutes_per_hour": 1764.4928930243186
  },
  "sample_count": 1000,
  "error_count": 0,
  "model_size": "base",
  "timestamp": "2025-12-13T13:42:00.780999"
}