{
  "wer": {
    "mean": 0.1352521204024535,
    "median": 0.1111111111111111,
    "std": 0.14477315674356317,
    "min": 0.0,
    "max": 2.176470588235294
  },
  "cer": {
    "mean": 0.037786922826215166,
    "median": 0.024691358024691357,
    "std": 0.0724255665064581,
    "min": 0.0,
    "max": 1.3793103448275863
  },
  "latency": {
    "mean": 0.4740564615726471,
    "median": 0.3928745985031128,
    "p95": 0.7752478837966917,
    "p99": 1.2813704085350035,
    "min": 0.23678064346313477,
    "max": 8.716602563858032
  },
  "rtf": {
    "mean": 0.09481129231452942,
    "median": 0.07857491970062255,
    "p95": 0.15504957675933836,
    "p99": 0.2562740817070007
  },
  "audio_duration": {
    "total_seconds": 5000.0,
    "total_minutes": 83.33333333333333,
    "mean": 5.0
  },
  "throughput": {
    "audio_minutes_per_hour": 632.8360107249086
  },
  "sample_count": 1000,
  "error_count": 0,
  "model_size": "large",
  "timestamp": "2025-12-13T14:35:10.714476"
}