{
  "wer": {
    "mean": 0.111848753985093,
    "ci_lower": 0.10464801422252057,
    "ci_upper": 0.11904949374766544,
    "median": 0.09090909090909091,
    "std": 0.11598058096225947,
    "min": 0.0,
    "max": 2.35
  },
  "cer": {
    "mean": 0.031012363936076693,
    "ci_lower": 0.027572842775159794,
    "ci_upper": 0.034451885096993595,
    "median": 0.023715785526809148,
    "std": 0.05539953888468477,
    "min": 0.0,
    "max": 1.5324675324675325
  },
  "latency": {
    "mean": 0.3987620968818665,
    "ci_lower": 0.3936309530483687,
    "ci_upper": 0.40389324071536425,
    "median": 0.3915691375732422,
    "std": 0.08264609782223052,
    "min": 0.28142857551574707,
    "max": 2.2362654209136963,
    "p95": 0.5022351384162902,
    "p99": 0.5555966091156006
  },
  "rtf": {
    "mean": 0.06480105591337039,
    "ci_lower": 0.06417682570378384,
    "ci_upper": 0.06542528612295694,
    "median": 0.06374314319507765,
    "std": 0.010054325631701066,
    "min": 0.04401899243644728,
    "max": 0.20710156319478568,
    "p95": 0.07814508089252883,
    "p99": 0.09005957917154941
  },
  "audio_duration": {
    "total_seconds": 6258.1345833333335,
    "total_minutes": 104.30224305555556,
    "mean": 6.258134583333334
  },
  "sample_count": 1000,
  "error_count": 0,
  "model_size": "large",
  "timestamp": "2026-01-07T19:43:26.510700"
}