{
  "wer": {
    "mean": 0.11476645296997463,
    "ci_lower": 0.10868076088124091,
    "ci_upper": 0.12085214505870835,
    "median": 0.09090909090909091,
    "std": 0.09802077665373246,
    "min": 0.0,
    "max": 1.0
  },
  "cer": {
    "mean": 0.03350999887710942,
    "ci_lower": 0.030927622668580828,
    "ci_upper": 0.036092375085638013,
    "median": 0.02666666666666667,
    "std": 0.0415937115912749,
    "min": 0.0,
    "max": 0.8881118881118881
  },
  "latency": {
    "mean": 0.4907543566226959,
    "ci_lower": 0.46942647013327415,
    "ci_upper": 0.5120822431121177,
    "median": 0.30654025077819824,
    "std": 0.3435231305813184,
    "min": 0.21124744415283203,
    "max": 2.582292079925537,
    "p95": 1.1053426146507264,
    "p99": 1.7841445112228385
  },
  "rtf": {
    "mean": 0.0742131917082055,
    "ci_lower": 0.07179124834074434,
    "ci_upper": 0.07663513507566667,
    "median": 0.05518494979448699,
    "std": 0.03900965846257547,
    "min": 0.034456898361702654,
    "max": 0.3550050689858965,
    "p95": 0.13839684860380927,
    "p99": 0.2231335462880895
  },
  "audio_duration": {
    "total_seconds": 6258.1345833333335,
    "total_minutes": 104.30224305555556,
    "mean": 6.258134583333334
  },
  "sample_count": 1000,
  "error_count": 0,
  "model_size": "medium",
  "timestamp": "2026-01-07T19:35:29.568917"
}