{
  "wer": {
    "mean": 0.12164002626933317,
    "median": 0.1,
    "std": 0.1049548585650162,
    "min": 0.0,
    "max": 0.8333333333333334
  },
  "cer": {
    "mean": 0.03304035764161182,
    "median": 0.023715785526809148,
    "std": 0.03301495249881904,
    "min": 0.0,
    "max": 0.3007246376811594
  },
  "latency": {
    "mean": 0.36421855926513674,
    "median": 0.31964683532714844,
    "p95": 0.6311344265937805,
    "p99": 1.026828486919403,
    "min": 0.1971597671508789,
    "max": 1.0881052017211914
  },
  "rtf": {
    "mean": 0.07284371185302735,
    "median": 0.06392936706542968,
    "p95": 0.12622688531875612,
    "p99": 0.2053656973838806
  },
  "audio_duration": {
    "total_seconds": 5000.0,
    "total_minutes": 83.33333333333333,
    "mean": 5.0
  },
  "throughput": {
    "audio_minutes_per_hour": 823.6812550280059
  },
  "sample_count": 1000,
  "error_count": 0,
  "model_size": "medium",
  "timestamp": "2025-12-13T14:22:17.620996"
}