{
  "wer": {
    "mean": 0.13743499696366923,
    "median": 0.1225,
    "std": 0.11216248620915678,
    "min": 0.0,
    "max": 0.8333333333333334
  },
  "cer": {
    "mean": 0.037651180667017274,
    "median": 0.02857142857142857,
    "std": 0.03443655306057096,
    "min": 0.0,
    "max": 0.19642857142857142
  },
  "latency": {
    "mean": 0.2388389458656311,
    "median": 0.21477138996124268,
    "p95": 0.3823243737220764,
    "p99": 0.6010297274589539,
    "min": 0.1494283676147461,
    "max": 0.7778522968292236
  },
  "rtf": {
    "mean": 0.04776778917312622,
    "median": 0.04295427799224853,
    "p95": 0.07646487474441527,
    "p99": 0.12020594549179077
  },
  "audio_duration": {
    "total_seconds": 5000.0,
    "total_minutes": 83.33333333333333,
    "mean": 5.0
  },
  "throughput": {
    "audio_minutes_per_hour": 1256.0765536487404
  },
  "sample_count": 1000,
  "error_count": 0,
  "model_size": "small",
  "timestamp": "2025-12-13T13:49:21.620489"
}