{
  "wer": {
    "mean": 0.12189290957580431,
    "ci_lower": 0.11580893563640507,
    "ci_upper": 0.12797688351520356,
    "median": 0.09090909090909091,
    "std": 0.09799310283624124,
    "min": 0.0,
    "max": 0.75
  },
  "cer": {
    "mean": 0.034529959455721806,
    "ci_lower": 0.032618670128756064,
    "ci_upper": 0.03644124878268755,
    "median": 0.02870879120879121,
    "std": 0.030784676830101308,
    "min": 0.0,
    "max": 0.20253164556962025
  },
  "latency": {
    "mean": 0.20721159434318542,
    "ci_lower": 0.20539784706121544,
    "ci_upper": 0.2090253416251554,
    "median": 0.20348072052001953,
    "std": 0.02921359060564745,
    "min": 0.14489531517028809,
    "max": 0.6697947978973389,
    "p95": 0.25282860994338985,
    "p99": 0.2826424431800842
  },
  "rtf": {
    "mean": 0.03390068475382076,
    "ci_lower": 0.03353663995091126,
    "ci_upper": 0.03426472955673027,
    "median": 0.0331641121118109,
    "std": 0.005863581955453444,
    "min": 0.023409236764159812,
    "max": 0.13816136785162125,
    "p95": 0.042188494341392525,
    "p99": 0.048199585190274744
  },
  "audio_duration": {
    "total_seconds": 6258.1345833333335,
    "total_minutes": 104.30224305555556,
    "mean": 6.258134583333334
  },
  "sample_count": 1000,
  "error_count": 0,
  "model_size": "small",
  "timestamp": "2026-01-07T19:12:10.236719"
}