{
  "wer": {
    "mean": 0.19540874500237917,
    "median": 0.15384615384615385,
    "std": 0.1482153644716326,
    "min": 0.0,
    "max": 0.9666666666666667
  },
  "cer": {
    "mean": 0.058092638335011014,
    "median": 0.04566305254378649,
    "std": 0.046888984429843114,
    "min": 0.0,
    "max": 0.43478260869565216
  },
  "latency": {
    "mean": 0.15998556184768678,
    "median": 0.1468958854675293,
    "p95": 0.22678958177566527,
    "p99": 0.3291873240470886,
    "min": 0.10719633102416992,
    "max": 1.2174158096313477
  },
  "rtf": {
    "mean": 0.03199711236953735,
    "median": 0.029379177093505862,
    "p95": 0.04535791635513305,
    "p99": 0.06583746480941773
  },
  "audio_duration": {
    "total_seconds": 5000.0,
    "total_minutes": 83.33333333333333,
    "mean": 5.0
  },
  "throughput": {
    "audio_minutes_per_hour": 1875.1692123668827
  },
  "sample_count": 1000,
  "error_count": 0,
  "model_size": "tiny",
  "timestamp": "2025-12-13T13:38:37.778586"
}