{
  "wer": {
    "mean": 0.17413156422610757,
    "ci_lower": 0.16672906834079898,
    "ci_upper": 0.18153406011141615,
    "median": 0.15384615384615385,
    "std": 0.1192302182355377,
    "min": 0.0,
    "max": 0.875
  },
  "cer": {
    "mean": 0.05610571580067338,
    "ci_lower": 0.05363294083069419,
    "ci_upper": 0.05857849077065257,
    "median": 0.05,
    "std": 0.039828390840868866,
    "min": 0.0,
    "max": 0.21666666666666667
  },
  "latency": {
    "mean": 0.13489078450202943,
    "ci_lower": 0.13320740857804367,
    "ci_upper": 0.1365741604260152,
    "median": 0.13280189037322998,
    "std": 0.02711373054426287,
    "min": 0.09700131416320801,
    "max": 0.7476296424865723,
    "p95": 0.16444244384765622,
    "p99": 0.19076305150985715
  },
  "rtf": {
    "mean": 0.022113782685264344,
    "ci_lower": 0.021761208250525417,
    "ci_upper": 0.02246635712000327,
    "median": 0.02157112291694313,
    "std": 0.005678831498119961,
    "min": 0.01444468457493488,
    "max": 0.15421668603074976,
    "p95": 0.027680841147044073,
    "p99": 0.032947032087694034
  },
  "audio_duration": {
    "total_seconds": 6258.1345833333335,
    "total_minutes": 104.30224305555556,
    "mean": 6.258134583333334
  },
  "sample_count": 1000,
  "error_count": 0,
  "model_size": "tiny",
  "timestamp": "2026-01-07T18:32:12.129539"
}